"Message","User","TimeCreated","Source"
"Session has been disconnected","TRADENET\thor","11/12/2016 9:08:31 AM","192.168.77.56"
"Session reconnection succeeded","TRADENET\thor","11/12/2016 5:04:37 AM","192.168.77.56"
"Session has been disconnected","TRADENET\thor","11/12/2016 5:04:09 AM","192.168.77.56"
"Session reconnection succeeded","TRADENET\thor","11/10/2016 8:08:54 PM","192.168.77.56"
"Session has been disconnected","TRADENET\thor","11/10/2016 6:57:51 PM","10.215.237.139"
"Session reconnection succeeded","TRADENET\thor","11/10/2016 2:41:15 PM","10.215.237.139"
"Session has been disconnected","TRADENET\thor","11/9/2016 6:40:34 PM","10.10.47.2"
"Session reconnection succeeded","TRADENET\thor","11/9/2016 6:17:45 PM","10.10.47.2"
"Session has been disconnected","TRADENET\thor","11/9/2016 5:38:33 PM","10.215.237.139"
"Session has been disconnected","TRADENET\sagi.golan","11/9/2016 5:00:45 PM","10.215.237.97"
"Session reconnection succeeded","TRADENET\sagi.golan","11/9/2016 11:32:49 AM","10.215.237.97"
"Session reconnection succeeded","TRADENET\thor","11/9/2016 10:12:03 AM","10.215.237.139"
"Session has been disconnected","TRADENET\thor","11/9/2016 9:06:26 AM","10.215.237.139"
"Session reconnection succeeded","TRADENET\thor","11/8/2016 8:59:26 AM","10.215.237.139"
"Session has been disconnected","TRADENET\thor","11/7/2016 5:29:31 PM","10.215.237.139"
"Session reconnection succeeded","TRADENET\thor","11/7/2016 4:35:06 PM","10.215.237.139"
"Session has been disconnected","TRADENET\thor","11/7/2016 4:30:02 PM","10.215.237.139"
"Session has been disconnected","TRADENET\sagi.golan","11/7/2016 10:05:26 AM","10.215.237.97"
"Session reconnection succeeded","TRADENET\sagi.golan","11/6/2016 5:41:40 PM","10.215.237.97"
"Session has been disconnected","TRADENET\osher.nesimi","11/6/2016 5:02:15 PM","10.215.237.140"
"Session reconnection succeeded","TRADENET\osher.nesimi","11/6/2016 4:03:39 PM","10.215.237.140"
"Session has been disconnected","TRADENET\osher.nesimi","11/6/2016 12:07:24 PM","10.215.237.140"
"Session reconnection succeeded","TRADENET\osher.nesimi","11/6/2016 11:47:28 AM","10.215.237.140"
"Session has been disconnected","TRADENET\osher.nesimi","11/6/2016 11:47:28 AM","10.215.237.52"
"Session reconnection succeeded","TRADENET\osher.nesimi","11/6/2016 11:45:56 AM","10.215.237.52"
"Session has been disconnected","TRADENET\osher.nesimi","11/6/2016 10:42:42 AM","10.215.237.140"
"Session reconnection succeeded","TRADENET\osher.nesimi","11/6/2016 10:29:44 AM","10.215.237.140"
"Session reconnection succeeded","TRADENET\thor","11/6/2016 10:28:55 AM","10.215.237.139"
"Session has been disconnected","TRADENET\osher.nesimi","11/4/2016 4:35:03 PM","10.215.237.140"
"Session has been disconnected","TRADENET\thor","11/4/2016 12:09:06 PM","192.168.77.56"
"Session reconnection succeeded","TRADENET\thor","11/4/2016 8:02:38 AM","192.168.77.56"
"Session has been disconnected","TRADENET\thor","11/4/2016 7:43:47 AM","192.168.77.56"
"Session reconnection succeeded","TRADENET\thor","11/4/2016 6:54:59 AM","192.168.77.56"
"Session has been disconnected","TRADENET\thor","11/4/2016 6:53:41 AM","192.168.77.56"
"Session reconnection succeeded","TRADENET\thor","11/4/2016 6:24:10 AM","192.168.77.56"
"Session has been disconnected","TRADENET\thor","11/3/2016 9:47:29 PM","192.168.77.51"
"Session reconnection succeeded","TRADENET\thor","11/3/2016 9:45:01 PM","192.168.77.51"
"Session has been disconnected","TRADENET\thor","11/3/2016 8:13:34 PM","10.215.237.139"
"Session reconnection succeeded","TRADENET\osher.nesimi","11/3/2016 12:36:26 PM","10.215.237.140"
"Session has been disconnected","TRADENET\osher.nesimi","11/3/2016 12:36:22 PM","10.215.237.140"
"Session reconnection succeeded","TRADENET\osher.nesimi","11/3/2016 11:46:37 AM","10.215.237.140"
"Session has been disconnected","TRADENET\osher.nesimi","11/3/2016 11:46:33 AM","10.215.237.140"
"Session reconnection succeeded","TRADENET\osher.nesimi","11/3/2016 11:26:58 AM","10.215.237.140"
"Session has been disconnected","TRADENET\osher.nesimi","11/3/2016 11:26:53 AM","10.215.237.140"
"Session reconnection succeeded","TRADENET\osher.nesimi","11/3/2016 9:51:33 AM","10.215.237.140"
"Session has been disconnected","TRADENET\osher.nesimi","11/3/2016 9:51:27 AM","10.215.237.140"
"Session reconnection succeeded","TRADENET\osher.nesimi","11/3/2016 9:30:37 AM","10.215.237.140"
"Session has been disconnected","TRADENET\osher.nesimi","11/3/2016 9:30:32 AM","10.215.237.140"
"Session reconnection succeeded","TRADENET\thor","11/3/2016 8:55:40 AM","10.215.237.139"
"Session has been disconnected","TRADENET\thor","11/2/2016 6:51:33 PM","10.215.236.254"
"Session reconnection succeeded","TRADENET\thor","11/2/2016 6:39:54 PM","10.215.236.254"
"Session has been disconnected","TRADENET\thor","11/2/2016 6:39:37 PM","10.215.236.254"
"Session reconnection succeeded","TRADENET\thor","11/2/2016 6:39:04 PM","10.215.236.254"
"Session has been disconnected","TRADENET\thor","11/2/2016 6:39:01 PM","10.215.236.254"
"Session reconnection succeeded","TRADENET\thor","11/2/2016 6:33:10 PM","10.215.236.254"
"Session has been disconnected","TRADENET\hulk","11/2/2016 5:34:11 PM","10.215.237.84"
"Session reconnection succeeded","TRADENET\osher.nesimi","11/2/2016 5:33:42 PM","10.215.237.140"
"Session has been disconnected","TRADENET\osher.nesimi","11/2/2016 5:33:38 PM","10.215.237.140"
"Session reconnection succeeded","TRADENET\hulk","11/2/2016 5:30:34 PM","10.215.237.84"
"Session has been disconnected","TRADENET\thor","11/2/2016 5:30:32 PM","10.215.237.139"
"Session reconnection succeeded","TRADENET\osher.nesimi","11/2/2016 5:00:18 PM","10.215.237.140"
"Session has been disconnected","TRADENET\osher.nesimi","11/2/2016 5:00:14 PM","10.215.237.140"
"Session reconnection succeeded","TRADENET\osher.nesimi","11/2/2016 4:46:18 PM","10.215.237.140"
"Session has been disconnected","TRADENET\osher.nesimi","11/2/2016 4:46:14 PM","10.215.237.140"
"Session reconnection succeeded","TRADENET\osher.nesimi","11/2/2016 4:30:43 PM","10.215.237.140"
"Session has been disconnected","TRADENET\osher.nesimi","11/2/2016 4:19:30 PM","10.215.237.140"
"Session reconnection succeeded","TRADENET\osher.nesimi","11/2/2016 4:12:30 PM","10.215.237.140"
"Session has been disconnected","TRADENET\osher.nesimi","11/2/2016 4:08:50 PM","10.215.237.140"
"Session reconnection succeeded","TRADENET\osher.nesimi","11/2/2016 4:06:41 PM","10.215.237.140"
"Session has been disconnected","TRADENET\osher.nesimi","11/2/2016 4:06:36 PM","10.215.237.140"
"Session reconnection succeeded","TRADENET\osher.nesimi","11/2/2016 3:46:54 PM","10.215.237.140"
"Session has been disconnected","TRADENET\osher.nesimi","11/2/2016 3:46:49 PM","10.215.237.140"
"Session reconnection succeeded","TRADENET\osher.nesimi","11/2/2016 3:24:30 PM","10.215.237.140"
"Session has been disconnected","TRADENET\osher.nesimi","11/2/2016 3:24:28 PM","10.215.237.140"
"Session reconnection succeeded","TRADENET\thor","11/2/2016 2:28:46 PM","10.215.237.139"
"Session has been disconnected","TRADENET\thor","11/2/2016 2:28:38 PM","10.215.237.139"
"Session reconnection succeeded","TRADENET\thor","11/2/2016 1:23:32 PM","10.215.237.139"
"Session reconnection succeeded","TRADENET\osher.nesimi","11/2/2016 12:48:19 PM","10.215.237.140"
"Session has been disconnected","TRADENET\osher.nesimi","11/2/2016 12:48:15 PM","10.215.237.140"
"Session reconnection succeeded","TRADENET\osher.nesimi","11/2/2016 12:32:38 PM","10.215.237.140"
"Session has been disconnected","TRADENET\thor","11/2/2016 12:20:58 PM","10.215.237.139"
"Session reconnection succeeded","TRADENET\thor","11/2/2016 10:21:15 AM","10.215.237.139"
"Session has been disconnected","TRADENET\thor","11/2/2016 10:21:07 AM","10.215.237.139"
"Session reconnection succeeded","TRADENET\thor","11/2/2016 10:06:47 AM","10.215.237.139"
"Session has been disconnected","TRADENET\thor","11/2/2016 10:06:32 AM","10.215.237.139"
"Session reconnection succeeded","TRADENET\thor","11/1/2016 6:04:47 PM","10.215.237.139"
"Session has been disconnected","TRADENET\thor","11/1/2016 6:04:44 PM","10.215.237.139"
"Session has been disconnected","TRADENET\osher.nesimi","11/1/2016 6:01:43 PM","10.215.237.140"
"Session reconnection succeeded","TRADENET\osher.nesimi","11/1/2016 5:22:57 PM","10.215.237.140"
"Session has been disconnected","TRADENET\osher.nesimi","11/1/2016 5:22:52 PM","10.215.237.140"
"Session reconnection succeeded","TRADENET\osher.nesimi","11/1/2016 4:38:04 PM","10.215.237.140"
"Session has been disconnected","TRADENET\osher.nesimi","11/1/2016 4:38:00 PM","10.215.237.140"
"Session reconnection succeeded","TRADENET\osher.nesimi","11/1/2016 3:43:03 PM","10.215.237.140"
"Session has been disconnected","TRADENET\osher.nesimi","11/1/2016 3:42:59 PM","10.215.237.140"
"Session reconnection succeeded","TRADENET\osher.nesimi","11/1/2016 2:27:53 PM","10.215.237.140"
"Session has been disconnected","TRADENET\osher.nesimi","11/1/2016 2:27:48 PM","10.215.237.140"
"Session reconnection succeeded","TRADENET\osher.nesimi","11/1/2016 2:17:46 PM","10.215.237.140"
"Session has been disconnected","TRADENET\osher.nesimi","11/1/2016 2:17:42 PM","10.215.237.140"
"Session reconnection succeeded","TRADENET\osher.nesimi","11/1/2016 12:40:27 PM","10.215.237.140"
"Session reconnection succeeded","TRADENET\thor","11/1/2016 7:30:40 AM","10.215.237.139"
"Session has been disconnected","TRADENET\thor","10/31/2016 4:58:56 PM","10.215.237.139"
"Session has been disconnected","TRADENET\osher.nesimi","10/31/2016 1:20:19 PM","10.215.237.140"
"Session reconnection succeeded","TRADENET\osher.nesimi","10/31/2016 1:00:54 PM","10.215.237.140"
"Session has been disconnected","TRADENET\osher.nesimi","10/31/2016 1:00:53 PM","10.215.237.140"
"Session reconnection succeeded","TRADENET\thor","10/31/2016 12:48:23 PM","10.215.237.139"
"Session has been disconnected","TRADENET\thor","10/31/2016 12:47:59 PM","10.215.237.139"
"Session reconnection succeeded","TRADENET\thor","10/31/2016 12:45:54 PM","10.215.237.139"
"Session has been disconnected","TRADENET\thor","10/31/2016 12:45:50 PM","10.215.237.139"
"Session reconnection succeeded","TRADENET\thor","10/31/2016 12:38:26 PM","10.215.237.139"
"Session has been disconnected","TRADENET\thor","10/31/2016 12:38:22 PM","10.215.237.139"
"Session reconnection succeeded","TRADENET\osher.nesimi","10/31/2016 11:46:04 AM","10.215.237.140"
"Session has been disconnected","TRADENET\sagi.golan","10/31/2016 11:28:31 AM","10.215.237.97"
"Session reconnection succeeded","TRADENET\sagi.golan","10/31/2016 11:20:05 AM","10.215.237.97"
"Session has been disconnected","TRADENET\osher.nesimi","10/31/2016 11:15:19 AM","10.215.237.140"
"Session reconnection succeeded","TRADENET\osher.nesimi","10/31/2016 11:11:11 AM","10.215.237.140"
"Session has been disconnected","TRADENET\sagi.golan","10/31/2016 10:34:53 AM","10.215.237.97"
"Session reconnection succeeded","TRADENET\sagi.golan","10/31/2016 10:27:49 AM","10.215.237.97"
"Session has been disconnected","TRADENET\osher.nesimi","10/31/2016 10:21:27 AM","10.215.237.140"
"Session reconnection succeeded","TRADENET\osher.nesimi","10/31/2016 10:20:36 AM","10.215.237.140"
"Session has been disconnected","TRADENET\sagi.golan","10/31/2016 9:12:05 AM","10.215.237.97"
"Session reconnection succeeded","TRADENET\thor","10/31/2016 7:46:01 AM","10.215.237.139"
"Session has been disconnected","TRADENET\thor","10/31/2016 7:45:57 AM","10.215.237.139"
"Session reconnection succeeded","TRADENET\thor","10/31/2016 7:45:30 AM","10.215.237.139"
"Session has been disconnected","TRADENET\thor","10/30/2016 10:44:10 PM","192.168.77.56"
"Session reconnection succeeded","TRADENET\thor","10/30/2016 9:43:26 PM","192.168.77.56"
"Session has been disconnected","TRADENET\osher.nesimi","10/30/2016 4:04:03 PM","10.215.237.140"
"Session reconnection succeeded","TRADENET\osher.nesimi","10/30/2016 4:00:47 PM","10.215.237.140"
"Session has been disconnected","TRADENET\thor","10/30/2016 4:00:46 PM","10.215.237.139"
"Session reconnection succeeded","TRADENET\sagi.golan","10/30/2016 3:28:35 PM","10.215.237.97"
"Session has been disconnected","TRADENET\osher.nesimi","10/30/2016 3:28:34 PM","10.215.237.140"
"Session reconnection succeeded","TRADENET\osher.nesimi","10/30/2016 3:11:35 PM","10.215.237.140"
"Session reconnection succeeded","TRADENET\thor","10/30/2016 2:18:37 PM","10.215.237.139"
"Session has been disconnected","TRADENET\thor","10/30/2016 2:18:34 PM","10.215.237.139"
"Session reconnection succeeded","TRADENET\thor","10/30/2016 11:23:51 AM","10.215.237.139"
"Session has been disconnected","TRADENET\thor","10/30/2016 6:03:55 AM","192.168.77.55"
"Session reconnection succeeded","TRADENET\thor","10/30/2016 5:48:51 AM","192.168.77.55"
"Session has been disconnected","TRADENET\thor","10/29/2016 10:31:54 PM","192.168.77.55"
"Session reconnection succeeded","TRADENET\thor","10/29/2016 10:31:05 PM","192.168.77.55"
"Session has been disconnected","TRADENET\thor","10/29/2016 10:31:01 PM","192.168.77.55"
"Session reconnection succeeded","TRADENET\thor","10/29/2016 10:26:09 PM","192.168.77.55"
"Session has been disconnected","TRADENET\thor","10/29/2016 10:26:08 PM","192.168.77.56"
"Session reconnection succeeded","TRADENET\thor","10/29/2016 2:34:02 PM","192.168.77.56"
"Session has been disconnected","TRADENET\hulk","10/29/2016 12:31:51 AM","192.168.77.56"
"Session has been disconnected","TRADENET\thor","10/28/2016 9:38:43 PM","192.168.77.56"
"Session reconnection succeeded","TRADENET\thor","10/28/2016 4:02:18 PM","192.168.77.56"
"Session logon succeeded","TRADENET\hulk","10/28/2016 4:00:41 PM","192.168.77.56"
"Session has been disconnected","TRADENET\thor","10/27/2016 6:52:07 PM","10.215.237.139"
"Session reconnection succeeded","TRADENET\thor","10/27/2016 5:26:45 PM","10.215.237.139"
"Session has been disconnected","TRADENET\thor","10/27/2016 5:26:29 PM","10.215.237.139"
"Session has been disconnected","TRADENET\sagi.golan","10/25/2016 12:21:15 PM","192.168.121.108"
"Session reconnection succeeded","TRADENET\sagi.golan","10/25/2016 12:17:16 PM","192.168.121.108"
"Session has been disconnected","TRADENET\sagi.golan","10/25/2016 12:17:01 PM","192.168.121.108"
"Session reconnection succeeded","TRADENET\sagi.golan","10/25/2016 12:15:09 PM","192.168.121.108"
"Session has been disconnected","TRADENET\sagi.golan","10/25/2016 11:40:29 AM","192.168.121.56"
"Session reconnection succeeded","TRADENET\sagi.golan","10/25/2016 11:37:22 AM","192.168.121.56"
"Session has been disconnected","TRADENET\sagi.golan","10/25/2016 11:37:21 AM","10.215.237.97"
"Session reconnection succeeded","TRADENET\thor","10/25/2016 11:25:32 AM","10.215.237.139"
"Session has been disconnected","TRADENET\osher.nesimi","10/25/2016 11:19:19 AM","192.168.121.54"
"Session reconnection succeeded","TRADENET\osher.nesimi","10/25/2016 11:10:40 AM","192.168.121.54"
"Session has been disconnected","TRADENET\thor","10/25/2016 11:10:39 AM","10.215.237.139"
"Session reconnection succeeded","TRADENET\sagi.golan","10/25/2016 10:48:44 AM","10.215.237.97"
"Session reconnection succeeded","TRADENET\thor","10/25/2016 9:44:01 AM","10.215.237.139"
"Session has been disconnected","TRADENET\thor","10/25/2016 8:15:19 AM","192.168.77.55"
"Session reconnection succeeded","TRADENET\thor","10/25/2016 8:05:11 AM","192.168.77.55"
"Session has been disconnected","TRADENET\thor","10/25/2016 8:00:40 AM","192.168.77.55"
"Session reconnection succeeded","TRADENET\thor","10/25/2016 7:47:28 AM","192.168.77.55"
"Session has been disconnected","TRADENET\thor","10/24/2016 11:05:05 PM","192.168.77.55"
"Session reconnection succeeded","TRADENET\thor","10/24/2016 11:00:17 PM","192.168.77.55"
"Session has been disconnected","TRADENET\thor","10/24/2016 10:59:16 PM","192.168.77.55"
"Session reconnection succeeded","TRADENET\thor","10/24/2016 9:39:46 PM","192.168.77.55"
"Session has been disconnected","TRADENET\thor","10/24/2016 3:21:56 PM","192.168.77.55"
"Session reconnection succeeded","TRADENET\thor","10/24/2016 3:01:40 PM","192.168.77.55"
"Session has been disconnected","TRADENET\thor","10/24/2016 2:18:19 PM","192.168.77.55"
"Session reconnection succeeded","TRADENET\thor","10/24/2016 2:09:01 PM","192.168.77.55"
"Session has been disconnected","TRADENET\thor","10/24/2016 2:09:01 PM","10.215.237.139"
"Session reconnection succeeded","TRADENET\thor","10/23/2016 11:40:31 AM","10.215.237.139"
"Session has been disconnected","TRADENET\thor","10/22/2016 7:29:59 AM","192.168.77.55"
"Session reconnection succeeded","TRADENET\thor","10/22/2016 7:21:31 AM","192.168.77.55"
"Session has been disconnected","TRADENET\thor","10/22/2016 7:11:16 AM","192.168.77.55"
"Session reconnection succeeded","TRADENET\thor","10/22/2016 6:58:47 AM","192.168.77.55"
"Session has been disconnected","TRADENET\thor","10/21/2016 9:48:02 PM","192.168.77.55"
"Session reconnection succeeded","TRADENET\thor","10/21/2016 9:41:07 PM","192.168.77.55"
"Session has been disconnected","TRADENET\thor","10/21/2016 8:49:40 PM","192.168.77.55"
"Session reconnection succeeded","TRADENET\thor","10/21/2016 8:21:19 PM","192.168.77.55"
"Session has been disconnected","TRADENET\thor","10/21/2016 8:21:18 PM","10.215.237.139"
"Session reconnection succeeded","TRADENET\thor","10/20/2016 3:06:34 PM","10.215.237.139"
"Session has been disconnected","TRADENET\thor","10/20/2016 2:46:12 PM","10.215.237.139"
"Session reconnection succeeded","TRADENET\thor","10/20/2016 8:39:39 AM","10.215.237.139"
"Session has been disconnected","TRADENET\thor","10/20/2016 8:39:33 AM","10.215.237.139"
"Session reconnection succeeded","TRADENET\thor","10/20/2016 8:38:27 AM","10.215.237.139"
"Session has been disconnected","TRADENET\thor","10/19/2016 3:51:46 PM","10.215.237.139"
"Session has been disconnected","TRADENET\osher.nesimi","10/19/2016 2:25:58 PM","10.215.237.140"
"Session reconnection succeeded","TRADENET\osher.nesimi","10/19/2016 11:57:01 AM","10.215.237.140"
"Session reconnection succeeded","TRADENET\thor","10/19/2016 8:20:34 AM","10.215.237.139"
"Session has been disconnected","TRADENET\thor","10/18/2016 8:43:57 PM","192.168.77.55"
"Session reconnection succeeded","TRADENET\thor","10/18/2016 8:35:06 PM","192.168.77.55"
"Session has been disconnected","TRADENET\thor","10/18/2016 8:35:04 PM","10.215.237.139"
"Session reconnection succeeded","TRADENET\thor","10/18/2016 5:41:13 PM","10.215.237.139"
"Session has been disconnected","TRADENET\thor","10/18/2016 2:51:19 PM","10.215.237.139"
"Session has been disconnected","TRADENET\sagi.golan","10/18/2016 2:03:19 PM","10.215.237.97"
"Session logon succeeded","TRADENET\sagi.golan","10/18/2016 1:20:14 PM","10.215.237.97"
"Session reconnection succeeded","TRADENET\thor","10/18/2016 11:53:05 AM","10.215.237.139"
"Session has been disconnected","TRADENET\thor","10/18/2016 9:38:52 AM","10.215.237.139"
"Session reconnection succeeded","TRADENET\thor","10/18/2016 9:38:04 AM","10.215.237.139"
"Session has been disconnected","TRADENET\thor","10/18/2016 9:36:11 AM","10.215.237.139"
"Session reconnection succeeded","TRADENET\thor","10/18/2016 8:58:22 AM","10.215.237.139"
"Session has been disconnected","TRADENET\thor","10/18/2016 8:56:19 AM","10.215.237.139"
"Session reconnection succeeded","TRADENET\thor","10/18/2016 8:53:27 AM","10.215.237.139"
"Session has been disconnected","TRADENET\thor","10/18/2016 8:28:49 AM","192.168.77.56"
"Session reconnection succeeded","TRADENET\thor","10/18/2016 8:27:43 AM","192.168.77.56"
"Session has been disconnected","TRADENET\thor","10/18/2016 8:27:42 AM","192.168.77.56"
"Session reconnection succeeded","TRADENET\thor","10/17/2016 11:07:08 PM","192.168.77.56"
"Session has been disconnected","TRADENET\thor","10/17/2016 10:45:20 PM","192.168.77.56"
"Session reconnection succeeded","TRADENET\thor","10/17/2016 8:47:38 PM","192.168.77.56"
"Session has been disconnected","TRADENET\thor","10/17/2016 2:50:45 PM","192.168.77.56"
"Session reconnection succeeded","TRADENET\thor","10/17/2016 1:30:34 PM","192.168.77.56"
"Session has been disconnected","TRADENET\thor","10/15/2016 8:37:16 AM","192.168.77.56"
"Session reconnection succeeded","TRADENET\thor","10/15/2016 7:24:07 AM","192.168.77.56"
"Session has been disconnected","TRADENET\thor","10/14/2016 10:26:32 PM","10.215.236.254"
"Session reconnection succeeded","TRADENET\thor","10/14/2016 10:14:15 PM","10.215.236.254"
"Session has been disconnected","TRADENET\thor","10/14/2016 4:14:10 PM","192.168.77.56"
"Session reconnection succeeded","TRADENET\thor","10/14/2016 4:05:41 PM","192.168.77.56"
"Session has been disconnected","TRADENET\thor","10/14/2016 6:35:12 AM","192.168.77.55"
"Session reconnection succeeded","TRADENET\thor","10/14/2016 6:32:45 AM","192.168.77.55"
"Session has been disconnected","TRADENET\thor","10/14/2016 12:34:33 AM","192.168.77.55"
"Session reconnection succeeded","TRADENET\thor","10/14/2016 12:26:24 AM","192.168.77.55"
"Session has been disconnected","TRADENET\thor","10/13/2016 11:55:44 PM","192.168.77.55"
"Session reconnection succeeded","TRADENET\thor","10/13/2016 11:42:38 PM","192.168.77.55"
"Session has been disconnected","TRADENET\thor","10/13/2016 11:26:49 PM","192.168.77.55"
"Session reconnection succeeded","TRADENET\thor","10/13/2016 11:25:58 PM","192.168.77.55"
"Session has been disconnected","TRADENET\thor","10/13/2016 11:13:27 PM","192.168.77.55"
"Session reconnection succeeded","TRADENET\thor","10/13/2016 11:09:07 PM","192.168.77.55"
"Session has been disconnected","TRADENET\thor","10/13/2016 11:09:06 PM","10.10.47.2"
"Session reconnection succeeded","TRADENET\thor","10/13/2016 11:02:58 PM","10.10.47.2"
"Session has been disconnected","TRADENET\thor","10/13/2016 11:02:42 PM","10.10.47.2"
"Session reconnection succeeded","TRADENET\thor","10/13/2016 10:54:50 PM","10.10.47.2"
"Session has been disconnected","TRADENET\thor","10/13/2016 10:53:55 PM","10.10.47.2"
"Session reconnection succeeded","TRADENET\thor","10/13/2016 10:53:13 PM","10.10.47.2"
"Session has been disconnected","TRADENET\thor","10/13/2016 10:51:33 PM","10.10.47.2"
"Session reconnection succeeded","TRADENET\thor","10/13/2016 10:46:25 PM","10.10.47.2"
"Session has been disconnected","TRADENET\thor","10/13/2016 10:45:59 PM","10.215.236.254"
"Session reconnection succeeded","TRADENET\thor","10/13/2016 10:45:36 PM","10.215.236.254"
"Session has been disconnected","TRADENET\thor","10/13/2016 10:44:45 PM","10.10.47.2"
"Session reconnection succeeded","TRADENET\thor","10/13/2016 10:41:11 PM","10.10.47.2"
"Session has been disconnected","TRADENET\thor","10/13/2016 10:39:56 PM","10.10.47.2"
"Session reconnection succeeded","TRADENET\thor","10/13/2016 10:38:51 PM","10.10.47.2"
"Session has been disconnected","TRADENET\thor","10/13/2016 10:35:21 PM","10.215.236.254"
"Session reconnection succeeded","TRADENET\thor","10/13/2016 10:31:32 PM","10.215.236.254"
"Session has been disconnected","TRADENET\thor","10/13/2016 10:30:46 PM","10.215.236.254"
"Session reconnection succeeded","TRADENET\thor","10/13/2016 10:26:09 PM","10.215.236.254"
"Session has been disconnected","TRADENET\thor","10/13/2016 9:40:42 PM","12.12.13.1"
"Session reconnection succeeded","TRADENET\thor","10/13/2016 9:37:57 PM","12.12.13.1"
"Session has been disconnected","TRADENET\thor","10/13/2016 9:37:14 PM","12.12.13.1"
"Session reconnection succeeded","TRADENET\thor","10/13/2016 9:35:59 PM","12.12.13.1"
"Session has been disconnected","TRADENET\thor","10/13/2016 8:02:17 PM","192.168.77.56"
"Session reconnection succeeded","TRADENET\thor","10/13/2016 7:48:23 PM","192.168.77.56"
"Session has been disconnected","TRADENET\osher.nesimi","10/13/2016 6:39:53 PM","10.215.237.140"
"Session reconnection succeeded","TRADENET\osher.nesimi","10/13/2016 4:40:43 PM","10.215.237.140"
"Session has been disconnected","TRADENET\thor","10/13/2016 10:18:10 AM","10.215.237.139"
"Session reconnection succeeded","TRADENET\thor","10/13/2016 9:56:46 AM","10.215.237.139"
"Session has been disconnected","TRADENET\thor","10/13/2016 9:56:45 AM","192.168.77.56"
"Session reconnection succeeded","TRADENET\thor","10/12/2016 8:06:38 PM","192.168.77.56"
"Session has been disconnected","TRADENET\thor","10/12/2016 8:06:37 PM","192.168.77.56"
"Session reconnection succeeded","TRADENET\thor","10/12/2016 5:53:43 PM","192.168.77.56"
"Session has been disconnected","TRADENET\thor","10/12/2016 5:52:05 PM","192.168.77.56"
"Session reconnection succeeded","TRADENET\thor","10/12/2016 5:45:05 PM","192.168.77.56"
"Session has been disconnected","TRADENET\thor","10/12/2016 5:44:32 PM","192.168.77.56"
"Session reconnection succeeded","TRADENET\thor","10/12/2016 5:34:37 PM","192.168.77.56"
"Session has been disconnected","TRADENET\thor","10/12/2016 11:26:14 AM","192.168.77.55"
"Session reconnection succeeded","TRADENET\thor","10/12/2016 10:59:50 AM","192.168.77.55"
"Session has been disconnected","TRADENET\thor","10/11/2016 6:06:50 PM","192.168.77.56"
"Session reconnection succeeded","TRADENET\thor","10/11/2016 10:42:44 AM","192.168.77.56"
"Session has been disconnected","TRADENET\thor","10/10/2016 7:54:54 PM","192.168.77.56"
"Session reconnection succeeded","TRADENET\thor","10/10/2016 7:47:16 PM","192.168.77.56"
"Session has been disconnected","TRADENET\thor","10/10/2016 7:46:19 PM","192.168.77.56"
"Session reconnection succeeded","TRADENET\thor","10/10/2016 7:30:14 PM","192.168.77.56"
"Session has been disconnected","TRADENET\thor","10/10/2016 7:28:11 PM","192.168.77.56"
"Session reconnection succeeded","TRADENET\thor","10/10/2016 7:18:26 PM","192.168.77.56"
"Session has been disconnected","TRADENET\osher.nesimi","10/10/2016 2:49:07 PM","10.215.237.140"
"Session logon succeeded","TRADENET\osher.nesimi","10/10/2016 2:48:40 PM","10.215.237.140"
"Session has been disconnected","TRADENET\thor","10/10/2016 3:38:55 AM","10.215.237.139"
"Session reconnection succeeded","TRADENET\thor","10/9/2016 3:14:46 PM","10.215.237.139"
"Session has been disconnected","TRADENET\thor","10/9/2016 3:14:45 PM","10.215.237.145"
"Session reconnection succeeded","TRADENET\thor","10/9/2016 10:30:46 AM","10.215.237.145"
"Session has been disconnected","TRADENET\thor","10/9/2016 10:29:38 AM","10.215.237.139"
"Session reconnection succeeded","TRADENET\thor","10/9/2016 10:22:08 AM","10.215.237.139"
"Session has been disconnected","TRADENET\thor","10/7/2016 2:53:47 AM","192.168.60.230"
"Session reconnection succeeded","TRADENET\thor","10/7/2016 2:48:41 AM","192.168.60.230"
"Session has been disconnected","TRADENET\thor","10/6/2016 4:05:33 PM","192.168.77.56"
"Session reconnection succeeded","TRADENET\thor","10/6/2016 3:41:56 PM","192.168.77.56"
"Session has been disconnected","TRADENET\thor","10/6/2016 3:32:46 PM","192.168.77.56"
"Session reconnection succeeded","TRADENET\thor","10/6/2016 3:29:32 PM","192.168.77.56"
"Session has been disconnected","TRADENET\thor","10/6/2016 2:34:20 PM","10.215.237.139"
"Session reconnection succeeded","TRADENET\thor","10/6/2016 1:15:18 PM","10.215.237.139"
"Session has been disconnected","TRADENET\thor","10/6/2016 12:44:27 PM","10.215.237.139"
"Session reconnection succeeded","TRADENET\thor","10/6/2016 10:49:50 AM","10.215.237.139"
"Session has been disconnected","TRADENET\thor","10/5/2016 6:50:34 PM","192.168.77.55"
"Session reconnection succeeded","TRADENET\thor","10/5/2016 6:46:13 PM","192.168.77.55"
"Session has been disconnected","TRADENET\thor","10/5/2016 6:46:12 PM","10.215.237.139"
"Session reconnection succeeded","TRADENET\thor","10/5/2016 10:58:03 AM","10.215.237.139"
"Session has been disconnected","TRADENET\thor","10/5/2016 10:02:55 AM","10.215.237.139"
"Session reconnection succeeded","TRADENET\thor","10/5/2016 9:10:24 AM","10.215.237.139"
"Session has been disconnected","TRADENET\thor","10/3/2016 6:10:27 PM","192.168.77.55"
"Session reconnection succeeded","TRADENET\thor","10/3/2016 6:07:33 PM","192.168.77.55"
"Session has been disconnected","TRADENET\thor","10/3/2016 6:01:31 PM","192.168.77.55"
"Session reconnection succeeded","TRADENET\thor","10/3/2016 5:53:54 PM","192.168.77.55"
"Session has been disconnected","TRADENET\thor","10/3/2016 5:51:35 PM","192.168.77.55"
"Session reconnection succeeded","TRADENET\thor","10/3/2016 5:45:03 PM","192.168.77.55"
"Session has been disconnected","TRADENET\thor","10/3/2016 5:42:06 PM","192.168.77.55"
"Session reconnection succeeded","TRADENET\thor","10/3/2016 5:38:13 PM","192.168.77.55"
"Session has been disconnected","TRADENET\thor","10/3/2016 4:48:39 PM","192.168.77.55"
"Session reconnection succeeded","TRADENET\thor","10/3/2016 4:15:36 PM","192.168.77.55"
"Session has been disconnected","TRADENET\thor","10/3/2016 3:07:01 PM","192.168.77.6"
"Session reconnection succeeded","TRADENET\thor","10/3/2016 2:49:54 PM","192.168.77.6"
"Session has been disconnected","TRADENET\thor","9/30/2016 6:36:44 PM","192.168.77.55"
"Session reconnection succeeded","TRADENET\thor","9/30/2016 6:10:08 PM","192.168.77.55"
"Session has been disconnected","TRADENET\thor","9/30/2016 5:25:51 PM","192.168.77.55"
"Session reconnection succeeded","TRADENET\thor","9/30/2016 5:09:16 PM","192.168.77.55"
"Session has been disconnected","TRADENET\thor","9/30/2016 7:01:11 AM","192.168.77.55"
"Session reconnection succeeded","TRADENET\thor","9/30/2016 6:58:15 AM","192.168.77.55"
"Session has been disconnected","TRADENET\thor","9/29/2016 9:16:29 PM","192.168.77.55"
"Session reconnection succeeded","TRADENET\thor","9/29/2016 8:57:19 PM","192.168.77.55"
"Session has been disconnected","TRADENET\thor","9/28/2016 3:32:24 PM","192.168.77.6"
"Session reconnection succeeded","TRADENET\thor","9/28/2016 12:29:23 PM","192.168.77.6"
"Session has been disconnected","TRADENET\thor","9/28/2016 12:29:22 PM","10.215.237.139"
"Session reconnection succeeded","TRADENET\thor","9/27/2016 12:08:07 PM","10.215.237.139"
"Session has been disconnected","TRADENET\thor","9/26/2016 11:03:19 PM","192.168.77.55"
"Session reconnection succeeded","TRADENET\thor","9/26/2016 10:50:17 PM","192.168.77.55"
"Session has been disconnected","TRADENET\thor","9/26/2016 10:50:13 PM","192.168.77.55"
"Session reconnection succeeded","TRADENET\thor","9/26/2016 10:47:46 PM","192.168.77.55"
"Session has been disconnected","TRADENET\thor","9/26/2016 10:47:46 PM","192.168.77.55"
"Session reconnection succeeded","TRADENET\thor","9/26/2016 10:39:57 PM","192.168.77.55"
"Session has been disconnected","TRADENET\thor","9/26/2016 10:13:15 PM","192.168.77.55"
"Session reconnection succeeded","TRADENET\thor","9/26/2016 10:12:54 PM","192.168.77.55"
"Session has been disconnected","TRADENET\thor","9/26/2016 9:43:55 PM","192.168.77.55"
"Session reconnection succeeded","TRADENET\thor","9/26/2016 9:08:05 PM","192.168.77.55"
"Session has been disconnected","TRADENET\thor","9/26/2016 9:08:05 PM","10.215.237.139"
"Session reconnection succeeded","TRADENET\thor","9/26/2016 4:39:23 PM","10.215.237.139"
"Session has been disconnected","TRADENET\thor","9/26/2016 4:39:10 PM","10.215.237.139"
"Session reconnection succeeded","TRADENET\thor","9/26/2016 2:47:14 PM","10.215.237.139"
"Session has been disconnected","TRADENET\thor","9/26/2016 2:46:56 PM","10.215.237.139"
"Session reconnection succeeded","TRADENET\thor","9/26/2016 11:15:29 AM","10.215.237.139"
"Session has been disconnected","TRADENET\thor","9/26/2016 9:47:59 AM","10.215.237.139"
"Session reconnection succeeded","TRADENET\thor","9/26/2016 9:47:52 AM","10.215.237.139"
"Session has been disconnected","TRADENET\thor","9/26/2016 9:47:25 AM","10.215.237.139"
"Session reconnection succeeded","TRADENET\thor","9/26/2016 9:43:21 AM","10.215.237.139"
"Session has been disconnected","TRADENET\thor","9/26/2016 9:43:09 AM","10.215.237.139"
"Session reconnection succeeded","TRADENET\thor","9/26/2016 9:42:53 AM","10.215.237.139"
"Session has been disconnected","TRADENET\thor","9/26/2016 9:42:48 AM","10.215.237.139"
"Session reconnection succeeded","TRADENET\thor","9/26/2016 9:42:17 AM","10.215.237.139"
"Session has been disconnected","TRADENET\thor","9/26/2016 9:42:06 AM","10.215.237.139"
"Session reconnection succeeded","TRADENET\thor","9/23/2016 3:39:32 AM","10.215.237.139"
"Session has been disconnected","TRADENET\thor","9/23/2016 3:39:31 AM","10.215.237.139"
"Session reconnection succeeded","TRADENET\thor","9/22/2016 9:20:12 AM","10.215.237.139"
"Session has been disconnected","TRADENET\thor","9/21/2016 2:02:09 PM","192.168.77.55"
"Session reconnection succeeded","TRADENET\thor","9/21/2016 1:52:01 PM","192.168.77.55"
"Session has been disconnected","TRADENET\thor","9/21/2016 1:52:00 PM","10.215.237.139"
"Session logon succeeded","TRADENET\thor","9/21/2016 9:17:38 AM","10.215.237.139"
"Session has been disconnected","TRADENET\thor","9/21/2016 3:41:02 AM","10.215.237.139"
"Session reconnection succeeded","TRADENET\thor","9/19/2016 10:45:28 AM","10.215.237.139"
"Session has been disconnected","TRADENET\thor","9/18/2016 9:40:41 PM","192.168.77.55"
"Session reconnection succeeded","TRADENET\thor","9/18/2016 8:33:18 PM","192.168.77.55"
"Session has been disconnected","TRADENET\thor","9/18/2016 7:00:27 PM","10.215.236.254"
"Session reconnection succeeded","TRADENET\thor","9/18/2016 6:31:48 PM","10.215.236.254"
"Session has been disconnected","TRADENET\thor","9/18/2016 6:20:13 PM","10.215.236.254"
"Session reconnection succeeded","TRADENET\thor","9/18/2016 6:06:17 PM","10.215.236.254"
"Session has been disconnected","TRADENET\thor","9/18/2016 6:06:17 PM","10.215.237.139"
"Session reconnection succeeded","TRADENET\thor","9/18/2016 10:10:14 AM","10.215.237.139"
"Session has been disconnected","TRADENET\thor","9/18/2016 10:07:17 AM","10.215.237.139"
"Session reconnection succeeded","TRADENET\thor","9/18/2016 9:31:02 AM","10.215.237.139"
"Session has been disconnected","TRADENET\thor","9/17/2016 10:49:25 AM","192.168.77.55"
"Session reconnection succeeded","TRADENET\thor","9/17/2016 10:40:13 AM","192.168.77.55"
"Session has been disconnected","TRADENET\thor","9/16/2016 11:31:52 AM","192.168.77.55"
"Session reconnection succeeded","TRADENET\thor","9/16/2016 11:26:10 AM","192.168.77.55"
"Session has been disconnected","TRADENET\thor","9/16/2016 11:01:15 AM","192.168.77.55"
"Session reconnection succeeded","TRADENET\thor","9/16/2016 10:44:17 AM","192.168.77.55"
"Session has been disconnected","TRADENET\thor","9/16/2016 10:44:16 AM","10.215.237.139"
"Session reconnection succeeded","TRADENET\thor","9/13/2016 10:59:42 AM","10.215.237.139"
"Session has been disconnected","TRADENET\thor","9/13/2016 10:59:35 AM","10.215.237.139"
"Session reconnection succeeded","TRADENET\thor","9/11/2016 11:53:45 AM","10.215.237.139"
"Session has been disconnected","TRADENET\thor","9/11/2016 11:45:02 AM","10.215.237.139"
"Session logon succeeded","TRADENET\thor","9/10/2016 11:35:24 PM","10.215.237.139"
"Session has been disconnected","TRADENET\thor","9/9/2016 8:45:57 PM","192.168.77.6"
"Session reconnection succeeded","TRADENET\thor","9/9/2016 8:42:37 PM","192.168.77.6"
"Session has been disconnected","TRADENET\thor","9/9/2016 8:42:36 PM","192.168.77.51"
"Session reconnection succeeded","TRADENET\thor","9/9/2016 7:06:11 PM","192.168.77.51"
"Session has been disconnected","TRADENET\thor","9/9/2016 12:35:55 PM","192.168.77.55"
"Session reconnection succeeded","TRADENET\thor","9/9/2016 12:35:22 PM","192.168.77.55"
"Session has been disconnected","TRADENET\thor","9/9/2016 12:02:57 PM","192.168.77.55"
"Session reconnection succeeded","TRADENET\thor","9/9/2016 11:35:08 AM","192.168.77.55"
"Session has been disconnected","TRADENET\thor","9/9/2016 10:45:04 AM","192.168.77.55"
"Session reconnection succeeded","TRADENET\thor","9/9/2016 10:26:24 AM","192.168.77.55"
"Session has been disconnected","TRADENET\thor","9/9/2016 8:51:50 AM","10.215.236.254"
"Session reconnection succeeded","TRADENET\thor","9/9/2016 8:42:50 AM","10.215.236.254"
"Session has been disconnected","TRADENET\thor","9/9/2016 8:42:49 AM","10.215.237.139"
"Session reconnection succeeded","TRADENET\thor","9/7/2016 10:40:20 AM","10.215.237.139"
"Session has been disconnected","TRADENET\thor","9/7/2016 10:08:56 AM","192.168.77.55"
"Session reconnection succeeded","TRADENET\thor","9/7/2016 9:07:57 AM","192.168.77.55"
"Session has been disconnected","TRADENET\thor","9/7/2016 9:02:20 AM","192.168.77.55"
"Session reconnection succeeded","TRADENET\thor","9/7/2016 8:31:16 AM","192.168.77.55"
"Session has been disconnected","TRADENET\thor","9/7/2016 8:29:17 AM","192.168.77.55"
"Session reconnection succeeded","TRADENET\thor","9/7/2016 8:13:55 AM","192.168.77.55"
"Session has been disconnected","TRADENET\thor","9/7/2016 7:45:20 AM","192.168.77.55"
"Session reconnection succeeded","TRADENET\thor","9/7/2016 7:38:35 AM","192.168.77.55"
"Session has been disconnected","TRADENET\thor","9/7/2016 7:36:19 AM","192.168.77.55"
"Session reconnection succeeded","TRADENET\thor","9/7/2016 7:11:55 AM","192.168.77.55"
"Session has been disconnected","TRADENET\thor","9/7/2016 7:09:34 AM","192.168.77.55"
"Session reconnection succeeded","TRADENET\thor","9/7/2016 6:41:36 AM","192.168.77.55"
"Session has been disconnected","TRADENET\thor","9/7/2016 6:37:57 AM","192.168.77.55"
"Session reconnection succeeded","TRADENET\thor","9/7/2016 6:15:09 AM","192.168.77.55"
"Session has been disconnected","TRADENET\thor","9/7/2016 5:05:19 AM","192.168.77.55"
"Session reconnection succeeded","TRADENET\thor","9/7/2016 4:49:10 AM","192.168.77.55"
"Session has been disconnected","TRADENET\thor","9/7/2016 4:49:09 AM","10.215.237.139"
"Session reconnection succeeded","TRADENET\thor","9/6/2016 8:35:36 AM","10.215.237.139"
"Session has been disconnected","TRADENET\thor","9/5/2016 9:52:29 PM","192.168.77.55"
"Session reconnection succeeded","TRADENET\thor","9/5/2016 7:59:12 PM","192.168.77.55"
"Session has been disconnected","TRADENET\thor","9/5/2016 7:59:11 PM","10.215.237.139"
"Session reconnection succeeded","TRADENET\thor","9/5/2016 6:58:00 PM","10.215.237.139"
"Session has been disconnected","TRADENET\thor","9/5/2016 6:57:59 PM","10.215.237.139"
"Session reconnection succeeded","TRADENET\thor","9/5/2016 6:57:25 PM","10.215.237.139"
"Session has been disconnected","TRADENET\thor","9/5/2016 6:57:24 PM","10.215.237.139"
"Session logon succeeded","TRADENET\thor","9/5/2016 3:06:46 PM","10.215.237.139"
"Session has been disconnected","TRADENET\thor","9/5/2016 3:23:15 PM","10.215.237.139"
"Session reconnection succeeded","TRADENET\thor","9/5/2016 9:13:31 AM","10.215.237.139"
"Session has been disconnected","TRADENET\thor","9/5/2016 9:13:10 AM","10.215.237.139"
"Session reconnection succeeded","TRADENET\thor","9/4/2016 9:46:10 AM","10.215.237.139"
"Session has been disconnected","TRADENET\thor","9/2/2016 7:15:47 PM","10.215.236.254"
"Session reconnection succeeded","TRADENET\thor","9/2/2016 7:13:13 PM","10.215.236.254"
"Session has been disconnected","TRADENET\thor","9/2/2016 4:14:40 PM","192.168.77.55"
"Session reconnection succeeded","TRADENET\thor","9/2/2016 4:00:57 PM","192.168.77.55"
"Session has been disconnected","TRADENET\thor","9/2/2016 3:35:05 PM","192.168.77.55"
"Session reconnection succeeded","TRADENET\thor","9/2/2016 3:19:26 PM","192.168.77.55"
"Session has been disconnected","TRADENET\thor","9/2/2016 3:10:58 PM","192.168.77.55"
"Session reconnection succeeded","TRADENET\thor","9/2/2016 3:10:29 PM","192.168.77.55"
"Session has been disconnected","TRADENET\thor","9/2/2016 2:28:41 PM","192.168.77.55"
"Session reconnection succeeded","TRADENET\thor","9/2/2016 1:13:48 PM","192.168.77.55"
"Session has been disconnected","TRADENET\thor","9/2/2016 11:47:16 AM","192.168.77.55"
"Session reconnection succeeded","TRADENET\thor","9/2/2016 11:38:00 AM","192.168.77.55"
"Session has been disconnected","TRADENET\thor","9/2/2016 11:38:00 AM","10.215.237.139"
"Session reconnection succeeded","TRADENET\thor","9/1/2016 9:11:52 AM","10.215.237.139"
"Session has been disconnected","TRADENET\thor","9/1/2016 9:11:35 AM","10.215.237.139"
"Session reconnection succeeded","TRADENET\thor","8/31/2016 4:30:38 PM","10.215.237.139"
"Session has been disconnected","TRADENET\thor","8/31/2016 4:30:34 PM","10.215.237.139"
"Session reconnection succeeded","TRADENET\thor","8/30/2016 9:02:24 AM","10.215.237.139"
"Session has been disconnected","TRADENET\thor","8/30/2016 9:01:36 AM","10.215.237.139"
"Session reconnection succeeded","TRADENET\thor","8/30/2016 9:01:04 AM","10.215.237.139"
"Session has been disconnected","TRADENET\thor","8/30/2016 9:00:54 AM","10.215.237.139"
"Session reconnection succeeded","TRADENET\thor","8/28/2016 7:44:02 PM","10.215.237.139"
"Session has been disconnected","TRADENET\thor","8/28/2016 7:44:00 PM","10.215.237.139"
"Session reconnection succeeded","TRADENET\thor","8/28/2016 11:20:57 AM","10.215.237.139"
"Session has been disconnected","TRADENET\thor","8/26/2016 2:20:40 PM","192.168.77.55"
"Session reconnection succeeded","TRADENET\thor","8/26/2016 2:07:08 PM","192.168.77.55"
"Session has been disconnected","TRADENET\thor","8/26/2016 2:07:08 PM","10.215.237.139"
"Session logon succeeded","TRADENET\thor","8/25/2016 3:56:40 PM","10.215.237.139"
"Session has been disconnected","TRADENET\thor","8/25/2016 4:00:21 PM","10.215.237.139"
"Session logon succeeded","TRADENET\thor","8/25/2016 9:18:53 AM","10.215.237.139"
"Session has been disconnected","TRADENET\thor","8/25/2016 4:03:58 AM","10.215.237.139"
"Session logon succeeded","TRADENET\thor","8/24/2016 4:53:15 PM","10.215.237.139"
"Session has been disconnected","TRADENET\thor","8/24/2016 5:08:36 PM","10.215.237.139"
"Session reconnection succeeded","TRADENET\thor","8/24/2016 9:00:07 AM","10.215.237.139"
"Session has been disconnected","TRADENET\thor","8/24/2016 8:34:08 AM","192.168.77.51"
"Session reconnection succeeded","TRADENET\thor","8/24/2016 7:15:57 AM","192.168.77.51"
"Session has been disconnected","TRADENET\thor","8/24/2016 7:15:56 AM","10.215.237.139"
"Session reconnection succeeded","TRADENET\thor","8/23/2016 9:18:22 AM","10.215.237.139"
"Session has been disconnected","TRADENET\thor","8/22/2016 9:39:29 PM","192.168.77.55"
"Session reconnection succeeded","TRADENET\thor","8/22/2016 9:38:01 PM","192.168.77.55"
"Session has been disconnected","TRADENET\thor","8/22/2016 9:38:00 PM","10.215.237.139"
"Session reconnection succeeded","TRADENET\thor","8/21/2016 1:03:13 PM","10.215.237.139"
"Session has been disconnected","TRADENET\thor","8/21/2016 12:58:22 PM","192.168.121.103"
"Session reconnection succeeded","TRADENET\thor","8/21/2016 12:54:51 PM","192.168.121.103"
"Session has been disconnected","TRADENET\thor","8/21/2016 12:54:50 PM","10.215.237.139"
"Session reconnection succeeded","TRADENET\thor","8/21/2016 9:23:22 AM","10.215.237.139"
"Session has been disconnected","TRADENET\thor","8/21/2016 6:50:43 AM","192.168.77.55"
"Session reconnection succeeded","TRADENET\thor","8/21/2016 6:31:17 AM","192.168.77.55"
"Session has been disconnected","TRADENET\thor","8/21/2016 6:26:10 AM","192.168.77.55"
"Session reconnection succeeded","TRADENET\thor","8/21/2016 6:04:40 AM","192.168.77.55"
"Session has been disconnected","TRADENET\thor","8/19/2016 6:56:00 PM","192.168.77.51"
"Session reconnection succeeded","TRADENET\thor","8/19/2016 6:50:47 PM","192.168.77.51"
"Session has been disconnected","TRADENET\thor","8/19/2016 6:50:38 PM","192.168.77.51"
"Session reconnection succeeded","TRADENET\thor","8/19/2016 6:44:19 PM","192.168.77.51"
"Session has been disconnected","TRADENET\thor","8/19/2016 6:44:19 PM","192.168.77.51"
"Session reconnection succeeded","TRADENET\thor","8/19/2016 6:41:29 PM","192.168.77.51"
"Session has been disconnected","TRADENET\thor","8/19/2016 6:41:15 PM","192.168.77.51"
"Session reconnection succeeded","TRADENET\thor","8/19/2016 6:38:46 PM","192.168.77.51"
"Session has been disconnected","TRADENET\thor","8/19/2016 6:38:45 PM","192.168.77.51"
"Session reconnection succeeded","TRADENET\thor","8/19/2016 6:23:58 PM","192.168.77.51"
"Session has been disconnected","TRADENET\thor","8/19/2016 6:23:58 PM","192.168.77.51"
"Session reconnection succeeded","TRADENET\thor","8/19/2016 6:18:51 PM","192.168.77.51"
"Session has been disconnected","TRADENET\thor","8/19/2016 6:18:50 PM","10.215.237.139"
"Session reconnection succeeded","TRADENET\thor","8/16/2016 9:29:14 AM","10.215.237.139"
"Session has been disconnected","TRADENET\thor","8/15/2016 7:05:59 PM","192.168.77.51"
"Session reconnection succeeded","TRADENET\thor","8/15/2016 6:56:46 PM","192.168.77.51"
"Session has been disconnected","TRADENET\thor","8/15/2016 6:56:45 PM","192.168.77.51"
"Session reconnection succeeded","TRADENET\thor","8/15/2016 6:44:40 PM","192.168.77.51"
"Session has been disconnected","TRADENET\thor","8/15/2016 6:44:38 PM","10.215.237.139"
"Session reconnection succeeded","TRADENET\thor","8/15/2016 12:12:27 PM","10.215.237.139"
"Session has been disconnected","TRADENET\thor","8/15/2016 12:11:10 PM","10.215.237.121"
"Session reconnection succeeded","TRADENET\thor","8/15/2016 12:05:21 PM","10.215.237.121"
"Session has been disconnected","TRADENET\thor","8/15/2016 12:05:21 PM","10.215.237.139"
"Session logon succeeded","TRADENET\thor","8/15/2016 9:53:45 AM","10.215.237.139"
"Session has been disconnected","TRADENET\thor","8/14/2016 2:58:20 PM","10.215.237.81"
"Session reconnection succeeded","TRADENET\thor","8/14/2016 2:56:53 PM","10.215.237.81"
"Session has been disconnected","TRADENET\thor","8/14/2016 2:56:52 PM","10.215.237.139"
"Session reconnection succeeded","TRADENET\thor","8/14/2016 9:21:17 AM","10.215.237.139"
"Session has been disconnected","TRADENET\thor","8/12/2016 12:20:46 PM","192.168.77.55"
"Session reconnection succeeded","TRADENET\thor","8/12/2016 12:09:46 PM","192.168.77.55"
"Session has been disconnected","TRADENET\thor","8/12/2016 12:09:45 PM","10.215.237.139"
"Session reconnection succeeded","TRADENET\thor","8/11/2016 11:21:47 AM","10.215.237.139"
"Session has been disconnected","TRADENET\thor","8/11/2016 10:56:40 AM","10.215.237.148"
"Session reconnection succeeded","TRADENET\thor","8/11/2016 10:38:22 AM","10.215.237.148"
"Session has been disconnected","TRADENET\thor","8/11/2016 10:38:21 AM","10.215.237.139"
"Session reconnection succeeded","TRADENET\thor","8/10/2016 6:04:14 PM","10.215.237.139"
"Session has been disconnected","TRADENET\thor","8/10/2016 5:58:30 PM","10.215.237.139"
"Session reconnection succeeded","TRADENET\thor","8/10/2016 5:57:34 PM","10.215.237.139"
"Session has been disconnected","TRADENET\thor","8/10/2016 5:53:25 PM","10.215.237.139"
"Session reconnection succeeded","TRADENET\thor","8/10/2016 5:39:54 PM","10.215.237.139"
"Session has been disconnected","TRADENET\thor","8/10/2016 5:38:23 PM","10.215.237.139"
"Session reconnection succeeded","TRADENET\thor","8/10/2016 4:14:36 PM","10.215.237.139"
"Session has been disconnected","TRADENET\thor","8/10/2016 4:14:35 PM","10.215.236.190"
"Session reconnection succeeded","TRADENET\thor","8/10/2016 4:14:31 PM","10.215.236.190"
"Session has been disconnected","TRADENET\thor","8/10/2016 4:14:30 PM","10.215.237.139"
"Session reconnection succeeded","TRADENET\thor","8/10/2016 10:04:57 AM","10.215.237.139"
"Session has been disconnected","TRADENET\thor","8/9/2016 10:08:43 PM","192.168.77.55"
"Session reconnection succeeded","TRADENET\thor","8/9/2016 9:55:11 PM","192.168.77.55"
"Session has been disconnected","TRADENET\thor","8/9/2016 9:53:04 PM","192.168.77.55"
"Session reconnection succeeded","TRADENET\thor","8/9/2016 9:50:31 PM","192.168.77.55"
"Session has been disconnected","TRADENET\thor","8/9/2016 9:50:27 PM","192.168.77.55"
"Session reconnection succeeded","TRADENET\thor","8/9/2016 9:45:47 PM","192.168.77.55"
"Session has been disconnected","TRADENET\thor","8/9/2016 9:45:46 PM","10.215.237.139"
"Session reconnection succeeded","TRADENET\thor","8/9/2016 10:48:29 AM","10.215.237.139"
"Session has been disconnected","TRADENET\thor","8/8/2016 6:45:55 PM","192.168.77.55"
"Session reconnection succeeded","TRADENET\thor","8/8/2016 6:40:17 PM","192.168.77.55"
"Session has been disconnected","TRADENET\thor","8/8/2016 6:40:16 PM","10.215.237.139"
"Session reconnection succeeded","TRADENET\thor","8/8/2016 10:54:48 AM","10.215.237.139"
"Session has been disconnected","TRADENET\thor","8/8/2016 10:54:45 AM","10.215.237.139"
"Session reconnection succeeded","TRADENET\thor","8/8/2016 10:12:05 AM","10.215.237.139"
"Session has been disconnected","TRADENET\thor","8/8/2016 10:12:04 AM","10.215.236.188"
"Session reconnection succeeded","TRADENET\thor","8/8/2016 9:42:32 AM","10.215.236.188"
"Session has been disconnected","TRADENET\thor","8/7/2016 10:19:22 PM","192.168.77.51"
"Session reconnection succeeded","TRADENET\thor","8/7/2016 10:15:05 PM","192.168.77.51"
"Session has been disconnected","TRADENET\thor","8/7/2016 10:15:05 PM","10.215.237.139"
"Session reconnection succeeded","TRADENET\thor","8/7/2016 6:16:46 PM","10.215.237.139"
"Session has been disconnected","TRADENET\thor","8/7/2016 5:30:35 PM","10.215.236.188"
"Session reconnection succeeded","TRADENET\thor","8/7/2016 4:00:37 PM","10.215.236.188"
"Session has been disconnected","TRADENET\thor","8/7/2016 4:00:36 PM","10.215.236.188"
"Session reconnection succeeded","TRADENET\thor","8/7/2016 3:24:12 PM","10.215.236.188"
"Session has been disconnected","TRADENET\thor","8/7/2016 3:24:11 PM","10.215.237.139"
"Session reconnection succeeded","TRADENET\thor","8/7/2016 10:54:45 AM","10.215.237.139"
"Session has been disconnected","TRADENET\thor","8/7/2016 10:54:42 AM","10.215.237.139"
"Session logon succeeded","TRADENET\thor","8/7/2016 9:47:46 AM","10.215.237.139"
"Session has been disconnected","TRADENET\thor","8/4/2016 3:02:59 PM","192.168.77.51"
"Session reconnection succeeded","TRADENET\thor","8/4/2016 2:57:07 PM","192.168.77.51"
"Session has been disconnected","TRADENET\thor","8/3/2016 10:26:25 PM","192.168.77.55"
"Session reconnection succeeded","TRADENET\thor","8/3/2016 9:55:43 PM","192.168.77.55"
"Session has been disconnected","TRADENET\thor","8/3/2016 4:18:22 PM","10.215.236.190"
"Session reconnection succeeded","TRADENET\thor","8/1/2016 3:44:17 PM","10.215.236.190"
"Session has been disconnected","TRADENET\thor","8/1/2016 1:27:11 PM","10.215.236.254"
"Session reconnection succeeded","TRADENET\thor","8/1/2016 1:25:28 PM","10.215.236.254"
"Session has been disconnected","TRADENET\thor","7/31/2016 9:21:37 AM","192.168.77.55"
"Session reconnection succeeded","TRADENET\thor","7/31/2016 9:15:38 AM","192.168.77.55"
"Session has been disconnected","TRADENET\thor","7/31/2016 9:15:35 AM","192.168.77.55"
"Session reconnection succeeded","TRADENET\thor","7/31/2016 9:15:23 AM","192.168.77.55"
"Session has been disconnected","TRADENET\thor","7/28/2016 6:15:29 PM","10.215.237.139"
"Session reconnection succeeded","TRADENET\thor","7/28/2016 2:19:51 PM","10.215.237.139"
"Session has been disconnected","TRADENET\thor","7/28/2016 1:39:32 PM","10.215.237.160"
"Session reconnection succeeded","TRADENET\thor","7/28/2016 1:33:51 PM","10.215.237.160"
"Session has been disconnected","TRADENET\thor","7/28/2016 1:33:51 PM","10.215.237.139"
"Session reconnection succeeded","TRADENET\thor","7/28/2016 12:03:02 PM","10.215.237.139"
"Session has been disconnected","TRADENET\thor","7/27/2016 8:27:36 PM","10.215.236.190"
"Session reconnection succeeded","TRADENET\thor","7/27/2016 6:44:16 PM","10.215.236.190"
"Session has been disconnected","TRADENET\thor","7/27/2016 6:44:15 PM","10.215.237.139"
"Session reconnection succeeded","TRADENET\thor","7/27/2016 5:47:58 PM","10.215.237.139"
"Session has been disconnected","TRADENET\thor","7/27/2016 5:27:55 PM","10.215.237.139"
"Session reconnection succeeded","TRADENET\thor","7/26/2016 4:43:39 PM","10.215.237.139"
"Session has been disconnected","TRADENET\thor","7/26/2016 4:33:42 PM","10.215.237.112"
"Session reconnection succeeded","TRADENET\thor","7/26/2016 4:30:40 PM","10.215.237.112"
"Session has been disconnected","TRADENET\thor","7/26/2016 4:30:39 PM","10.215.237.139"
"Session reconnection succeeded","TRADENET\thor","7/25/2016 5:48:38 PM","10.215.237.139"
"Session has been disconnected","TRADENET\thor","7/25/2016 3:33:54 PM","10.215.237.139"
"Session reconnection succeeded","TRADENET\thor","7/25/2016 1:42:45 PM","10.215.237.139"
"Session has been disconnected","TRADENET\thor","7/25/2016 10:18:59 AM","10.215.237.141"
"Session reconnection succeeded","TRADENET\thor","7/25/2016 9:46:20 AM","10.215.237.141"
"Session has been disconnected","TRADENET\thor","7/24/2016 5:47:02 PM","10.215.237.141"
"Session reconnection succeeded","TRADENET\thor","7/24/2016 5:41:50 PM","10.215.237.141"
"Session has been disconnected","TRADENET\thor","7/24/2016 5:37:19 PM","10.215.237.141"
"Session reconnection succeeded","TRADENET\thor","7/24/2016 5:36:10 PM","10.215.237.141"
"Session has been disconnected","TRADENET\hulk","7/24/2016 5:18:38 PM","10.215.237.136"
"Session reconnection succeeded","TRADENET\hulk","7/24/2016 5:00:09 PM","10.215.237.136"
"Session has been disconnected","TRADENET\thor","7/24/2016 4:30:06 PM","10.215.237.139"
"Session reconnection succeeded","TRADENET\thor","7/24/2016 4:30:04 PM","10.215.237.139"
"Session has been disconnected","TRADENET\thor","7/24/2016 4:30:03 PM","10.215.237.139"
"Session has been disconnected","TRADENET\hulk","7/24/2016 2:58:19 PM","10.215.237.115"
"Session logon succeeded","TRADENET\hulk","7/24/2016 2:57:22 PM","10.215.237.115"
"Session reconnection succeeded","TRADENET\thor","7/24/2016 12:33:28 PM","10.215.237.139"
"Session has been disconnected","TRADENET\thor","7/24/2016 9:07:57 AM","10.215.237.139"
"Session reconnection succeeded","TRADENET\thor","7/21/2016 3:59:39 PM","10.215.237.139"
"Session has been disconnected","TRADENET\thor","7/21/2016 3:59:34 PM","10.215.237.139"
"Session reconnection succeeded","TRADENET\thor","7/20/2016 9:44:57 AM","10.215.237.139"
"Session has been disconnected","TRADENET\thor","7/19/2016 10:15:55 PM","192.168.77.53"
"Session reconnection succeeded","TRADENET\thor","7/19/2016 10:11:21 PM","192.168.77.53"
"Session has been disconnected","TRADENET\thor","7/19/2016 10:11:20 PM","10.215.237.139"
"Session reconnection succeeded","TRADENET\thor","7/19/2016 9:18:17 AM","10.215.237.139"
"Session has been disconnected","TRADENET\thor","7/18/2016 6:43:35 PM","10.215.237.139"
"Session reconnection succeeded","TRADENET\thor","7/18/2016 6:41:46 PM","10.215.237.139"
"Session has been disconnected","TRADENET\thor","7/18/2016 6:40:37 PM","10.215.237.139"
"Session reconnection succeeded","TRADENET\thor","7/18/2016 6:40:08 PM","10.215.237.139"
"Session has been disconnected","TRADENET\thor","7/18/2016 5:27:01 PM","10.215.237.160"
"Session reconnection succeeded","TRADENET\thor","7/18/2016 5:26:10 PM","10.215.237.160"
"Session has been disconnected","TRADENET\thor","7/18/2016 5:26:10 PM","10.215.237.87"
"Session reconnection succeeded","TRADENET\thor","7/18/2016 3:19:25 PM","10.215.237.87"
"Session has been disconnected","TRADENET\thor","7/18/2016 1:45:13 PM","10.215.236.187"
"Session reconnection succeeded","TRADENET\thor","7/18/2016 1:37:41 PM","10.215.236.187"
"Session has been disconnected","TRADENET\thor","7/18/2016 12:27:19 PM","10.215.237.83"
"Session reconnection succeeded","TRADENET\thor","7/18/2016 12:08:12 PM","10.215.237.83"
"Session has been disconnected","TRADENET\thor","7/18/2016 12:08:12 PM","10.215.237.139"
"Session reconnection succeeded","TRADENET\thor","7/18/2016 10:57:36 AM","10.215.237.139"
"Session has been disconnected","TRADENET\thor","7/18/2016 10:57:33 AM","10.215.237.139"
